Date,Report Time,Incident Time,Incident Address,Incident Category,Incident Summary,Google Address,geometry
2022-10-27,9:02 PM,8:35 PM,1400 block NE 42nd St.,Attempted Armed Robbery,"Suspect, possibly armed, entered business; male in 30s/40s; tan hat, dark brown pants; may have gun; no injuries.","1400 NE 42nd St, Seattle, WA 98105, USA","{'location': {'lat': 47.6583183, 'lng': -122.3132172}, 'location_type': 'RANGE_INTERPOLATED', 'viewport': {'northeast': {'lat': 47.65966728029149, 'lng': -122.3118682197085}, 'southwest': {'lat': 47.65696931970849, 'lng': -122.3145661802915}}}"
2022-10-27,3:41 PM,3:23 PM,NE 42nd Street & University Way NE,Building Issue,"Pedestrian, vehicle traffic stopped; danger of falling glass; building issue not determined.","University Way NE & NE 42nd St, Seattle, WA 98105, USA","{'location': {'lat': 47.6583184, 'lng': -122.3132228}, 'location_type': 'GEOMETRIC_CENTER', 'viewport': {'northeast': {'lat': 47.6596673802915, 'lng': -122.3118738197085}, 'southwest': {'lat': 47.6569694197085, 'lng': -122.3145717802915}}}"
2022-10-20,9:00 AM,,,Earthquake drill,TEST of UW Alert system today; info on Great ShakeOut 2022,"University District, Seattle, WA, USA","{'bounds': {'northeast': {'lat': 47.6743199, 'lng': -122.2864358}, 'southwest': {'lat': 47.6474201, 'lng': -122.3222372}}, 'location': {'lat': 47.6627771, 'lng': -122.3138767}, 'location_type': 'APPROXIMATE', 'viewport': {'northeast': {'lat': 47.6743199, 'lng': -122.2864358}, 'southwest': {'lat': 47.6474201, 'lng': -122.3222372}}}"
2022-10-18,12:01 PM,11:57 AM,Portage Bay G,"Threats, knife","Man made threats, pulled knife in Portage Bay Garage. No injuries. Suspect fled north on 15th Ave NE.","Portage Bay, Seattle, WA, USA","{'bounds': {'northeast': {'lat': 47.6543435, 'lng': -122.307228}, 'southwest': {'lat': 47.6417152, 'lng': -122.322137}}, 'location': {'lat': 47.64603779999999, 'lng': -122.3129235}, 'location_type': 'APPROXIMATE', 'viewport': {'northeast': {'lat': 47.6543435, 'lng': -122.307228}, 'southwest': {'lat': 47.6417152, 'lng': -122.322137}}}"
2022-10-09,6:51AM,5:52AM,4700 block of 18th Ave. NE,Home Invasion Robbery,Seattle PD investigating home invasion robbery on 4700 block of 18th Ave. NE.,"4700 18th Ave NE, Seattle, WA 98105, USA","{'location': {'lat': 47.6630913, 'lng': -122.3083386}, 'location_type': 'RANGE_INTERPOLATED', 'viewport': {'northeast': {'lat': 47.66444028029151, 'lng': -122.3069896197085}, 'southwest': {'lat': 47.66174231970851, 'lng': -122.3096875802915}}}"
2022-10-02,1:15AM,1:05AM,Near NE 43rd St & U Way NE,Shooting,Shooting reported at business near NE 43rd St & U Way NE,"University Way NE & NE 43rd St, Seattle, WA 98105, USA","{'location': {'lat': 47.6598062, 'lng': -122.3131848}, 'location_type': 'GEOMETRIC_CENTER', 'viewport': {'northeast': {'lat': 47.66115518029149, 'lng': -122.3118358197085}, 'southwest': {'lat': 47.6584572197085, 'lng': -122.3145337802915}}}"
2022-09-12,12:52PM,12:58PM,NE 45th Street/19th Ave NE,Traffic disruption,Emergency response due to a large tree branch that fell and injured an individual; no threat to campus.,"19th Ave NE & NE 45th St, Seattle, WA 98105, USA","{'location': {'lat': 47.6612605, 'lng': -122.3072522}, 'location_type': 'GEOMETRIC_CENTER', 'viewport': {'northeast': {'lat': 47.66260948029149, 'lng': -122.3059032197085}, 'southwest': {'lat': 47.65991151970849, 'lng': -122.3086011802915}}}"
2022-09-02,10:17 AM,10:11 AM,Center for Urban Horticulture,Fire Response,Small brush fire in open area west of Center for Urban Horticulture,"Center for Urban Horticulture, 3501 NE 41st St, Seattle, WA 98105, USA","{'location': {'lat': 47.6575198, 'lng': -122.2900402}, 'location_type': 'ROOFTOP', 'viewport': {'northeast': {'lat': 47.65947563029149, 'lng': -122.2887349197085}, 'southwest': {'lat': 47.6567776697085, 'lng': -122.2914328802915}}}"
2022-08-30,09:35 AM,05:12 AM,NE 47th St and 18th Ave NE,Shooting,Shots Fired at NE 47th and 18th Ave NE. Shooter and victim not found. Scene secured.,"18th Ave NE & NE 47th St, Seattle, WA 98105, USA","{'location': {'lat': 47.6630733, 'lng': -122.3083389}, 'location_type': 'GEOMETRIC_CENTER', 'viewport': {'northeast': {'lat': 47.6644222802915, 'lng': -122.3069899197085}, 'southwest': {'lat': 47.6617243197085, 'lng': -122.3096878802915}}}"
2022-06-09,7:20 PM,1:56 PM,King and Pierce Counties,Outage,"T-Mobile is experiencing a regional outage that is affecting some customers in King and Pierce counties, as well as other parts of western Wasington. Some users may not be able to call or text 9-1-1.","Pierce Ln, Seattle, WA 98105, USA","{'bounds': {'northeast': {'lat': 47.6585878, 'lng': -122.3054066}, 'southwest': {'lat': 47.6562124, 'lng': -122.3090249}}, 'location': {'lat': 47.657266, 'lng': -122.3072155}, 'location_type': 'GEOMETRIC_CENTER', 'viewport': {'northeast': {'lat': 47.65874908029149, 'lng': -122.3054066}, 'southwest': {'lat': 47.6560511197085, 'lng': -122.3090249}}}"
2022-05-24,05:49 PM,05:30 PM,University Way NE and NE 43rd St,Robbery,Police are reporting a robbery at a business. The suspect stole items and claimed to have a weapon but none was seen.,"University Way NE & NE 43rd St, Seattle, WA 98105, USA","{'location': {'lat': 47.6598062, 'lng': -122.3131848}, 'location_type': 'GEOMETRIC_CENTER', 'viewport': {'northeast': {'lat': 47.66115518029149, 'lng': -122.3118358197085}, 'southwest': {'lat': 47.6584572197085, 'lng': -122.3145337802915}}}"
2022-04-20,4:45 PM,3:12 PM,Nationwide,Network Outage,"Verizon is experiencing a nationwide outage across the country and in the Seattle area. Calls, including to 9-1-1, may not go through.","University District, Seattle, WA, USA","{'bounds': {'northeast': {'lat': 47.6743199, 'lng': -122.2864358}, 'southwest': {'lat': 47.6474201, 'lng': -122.3222372}}, 'location': {'lat': 47.6627771, 'lng': -122.3138767}, 'location_type': 'APPROXIMATE', 'viewport': {'northeast': {'lat': 47.6743199, 'lng': -122.2864358}, 'southwest': {'lat': 47.6474201, 'lng': -122.3222372}}}"
2022-03-20,1:38 PM,UNKNOWN,7th Ave. NE/I-5,Shooting,Seattle police are investigating a shooting near 7th Ave. NE,"7th Ave NE, Seattle, WA 98105, USA","{'bounds': {'northeast': {'lat': 47.6689604, 'lng': -122.3181287}, 'southwest': {'lat': 47.6543488, 'lng': -122.3240097}}, 'location': {'lat': 47.6615358, 'lng': -122.320743}, 'location_type': 'GEOMETRIC_CENTER', 'viewport': {'northeast': {'lat': 47.6689604, 'lng': -122.3181287}, 'southwest': {'lat': 47.6543488, 'lng': -122.3240097}}}"
2022-03-05,1:10 AM,12:53 AM,NE 42nd St and Brooklyn Ave NE,Armed Robbery,"Suspect displayed a firearm, no reported injuries","Brooklyn Ave NE & NE 42nd St, Seattle, WA 98105, USA","{'location': {'lat': 47.6583353, 'lng': -122.314386}, 'location_type': 'GEOMETRIC_CENTER', 'viewport': {'northeast': {'lat': 47.6596842802915, 'lng': -122.3130370197085}, 'southwest': {'lat': 47.6569863197085, 'lng': -122.3157349802915}}}"
2022-01-25,12:55AM,UNKNOWN,NE 42nd St & University Way NE,Armed Robbery,"Two men entered a business, displayed weapons, and fled on foot.","University Way NE & NE 42nd St, Seattle, WA 98105, USA","{'location': {'lat': 47.6583184, 'lng': -122.3132228}, 'location_type': 'GEOMETRIC_CENTER', 'viewport': {'northeast': {'lat': 47.6596673802915, 'lng': -122.3118738197085}, 'southwest': {'lat': 47.6569694197085, 'lng': -122.3145717802915}}}"
2022-01-24,11:35 AM,8:52 PM,NE 45th St and 21st Ave. NE,Attempted Carjacking,"Two suspects attempted to carjack an individual near NE 45th Street and 21st Avenue NE. One of the suspects displayed a Taser-like weapon. They were not able to steal the victim’s car and left westbound on NE 45th Street in a dark gray sedan, possibly a Honda, with silver rims and a temporary tag in the rear window and no license plate.","21st Ave NE & NE 45th St, Seattle, WA 98105, USA","{'location': {'lat': 47.6613063, 'lng': -122.3054832}, 'location_type': 'GEOMETRIC_CENTER', 'viewport': {'northeast': {'lat': 47.6626552802915, 'lng': -122.3041342197085}, 'southwest': {'lat': 47.6599573197085, 'lng': -122.3068321802915}}}"
2022-01-16,12:53 AM,UNKNOWN,NE 42nd St & University Way NE,Carjacking,Two suspects stole a gray-colored Toyota Prius; one suspect had a gold-colored handgun.,"University Way NE & NE 42nd St, Seattle, WA 98105, USA","{'location': {'lat': 47.6583184, 'lng': -122.3132228}, 'location_type': 'GEOMETRIC_CENTER', 'viewport': {'northeast': {'lat': 47.6596673802915, 'lng': -122.3118738197085}, 'southwest': {'lat': 47.6569694197085, 'lng': -122.3145717802915}}}"
2021-12-09,5:01PM,4:03PM,Regionwide,911 Outage,911 system outage throughout the region reported Thursday afternoon,"University District, Seattle, WA, USA","{'bounds': {'northeast': {'lat': 47.6743199, 'lng': -122.2864358}, 'southwest': {'lat': 47.6474201, 'lng': -122.3222372}}, 'location': {'lat': 47.6627771, 'lng': -122.3138767}, 'location_type': 'APPROXIMATE', 'viewport': {'northeast': {'lat': 47.6743199, 'lng': -122.2864358}, 'southwest': {'lat': 47.6474201, 'lng': -122.3222372}}}"
2021-12-02,1 PM,1 PM,Savery Hall & HUB,False report of an active shooter,"Individual yelled active shooter, but claims were false","Chelan Ln, Seattle, WA 98195, USA","{'location': {'lat': 47.65725579999999, 'lng': -122.3082225}, 'location_type': 'GEOMETRIC_CENTER', 'viewport': {'northeast': {'lat': 47.6584185302915, 'lng': -122.3071961197085}, 'southwest': {'lat': 47.6557205697085, 'lng': -122.3098940802915}}}"
2021-11-14,10:55 AM,,,Bridge Stuck Open,The University Bridge is back open and operating normally.,"University District, Seattle, WA, USA","{'bounds': {'northeast': {'lat': 47.6743199, 'lng': -122.2864358}, 'southwest': {'lat': 47.6474201, 'lng': -122.3222372}}, 'location': {'lat': 47.6627771, 'lng': -122.3138767}, 'location_type': 'APPROXIMATE', 'viewport': {'northeast': {'lat': 47.6743199, 'lng': -122.2864358}, 'southwest': {'lat': 47.6474201, 'lng': -122.3222372}}}"
2021-11-13,10:18 AM,,,Bridge Stuck Open,The University Bridge is stuck in a open position and has not yet been repaired.,"University District, Seattle, WA, USA","{'bounds': {'northeast': {'lat': 47.6743199, 'lng': -122.2864358}, 'southwest': {'lat': 47.6474201, 'lng': -122.3222372}}, 'location': {'lat': 47.6627771, 'lng': -122.3138767}, 'location_type': 'APPROXIMATE', 'viewport': {'northeast': {'lat': 47.6743199, 'lng': -122.2864358}, 'southwest': {'lat': 47.6474201, 'lng': -122.3222372}}}"
2021-11-12,1:01:37 PM,,,Bridge Stuck Open,The University Bridge is experiencing mechanical issues and is stuck in the upright position.,"University District, Seattle, WA, USA","{'bounds': {'northeast': {'lat': 47.6743199, 'lng': -122.2864358}, 'southwest': {'lat': 47.6474201, 'lng': -122.3222372}}, 'location': {'lat': 47.6627771, 'lng': -122.3138767}, 'location_type': 'APPROXIMATE', 'viewport': {'northeast': {'lat': 47.6743199, 'lng': -122.2864358}, 'southwest': {'lat': 47.6474201, 'lng': -122.3222372}}}"
2021-11-10,6:30 AM,6:27 AM,17th Ave. NE between NE 47th St. and NE 50th St.,Investigation,Seattle Police investigation at 17th Ave NE between NE 47th St. and NE 50th St. Avoid the area.,"NE 50th St, Seattle, WA 98105, USA","{'bounds': {'northeast': {'lat': 47.66497190000003, 'lng': -122.2862195}, 'southwest': {'lat': 47.66486589999997, 'lng': -122.3207498}}, 'location': {'lat': 47.6648833, 'lng': -122.3044258}, 'location_type': 'GEOMETRIC_CENTER', 'viewport': {'northeast': {'lat': 47.6662678802915, 'lng': -122.2862195}, 'southwest': {'lat': 47.6635699197085, 'lng': -122.3207498}}}"
2021-10-29,7:20 PM,6:30 PM,Paul G. Allen Center for Computer Science & Engineering,Hazardous materials response,Seattle Fire Department is responding to a hazardous materials spill near the Paul G. Allen Center for Computer Science & Engineering (map). Please avoid the area. Updates will be provided here as available.,"185 E Stevens Way NE, Seattle, WA 98195, USA","{'location': {'lat': 47.6529996, 'lng': -122.3054245}, 'location_type': 'ROOFTOP', 'viewport': {'northeast': {'lat': 47.65461758029151, 'lng': -122.3039245197085}, 'southwest': {'lat': 47.65191961970851, 'lng': -122.3066224802915}}}"
2021-07-27,1:36 PM,UNKNOWN,University Village,Armed Robbery,An armed robbery was reported at a business at University Village. The suspect reportedly displayed a gun at several people but did not fire and took some items before fleeing in a white van. The van was last seen headed northbound on Union Bay Place NE.,"2623 NE University Village St, Seattle, WA 98105, USA","{'location': {'lat': 47.6616885, 'lng': -122.2990339}, 'location_type': 'ROOFTOP', 'viewport': {'northeast': {'lat': 47.6628162802915, 'lng': -122.2977030197085}, 'southwest': {'lat': 47.6601183197085, 'lng': -122.3004009802915}}}"
2021-05-13,9:42 AM,,Triangle Garage,Robbery with handgun,Attempted robbery at Triangle Garage,"Seattle, WA 98195, USA","{'location': {'lat': 47.6501066, 'lng': -122.3052517}, 'location_type': 'ROOFTOP', 'viewport': {'northeast': {'lat': 47.6515581802915, 'lng': -122.3042994197085}, 'southwest': {'lat': 47.6488602197085, 'lng': -122.3069973802915}}}"
2021-05-06,,,NE 40th Street and University Way NE,Vaccine Pop-Up Clinic,UW is partnering with the City of Seattle to host a Johnson & Johnson one-dose vaccine pop-up clinic at Alder Commons until 3 pm.,"University Way NE & NE 40th St, Seattle, WA 98105, USA","{'location': {'lat': 47.6553456, 'lng': -122.313309}, 'location_type': 'GEOMETRIC_CENTER', 'viewport': {'northeast': {'lat': 47.65669458029149, 'lng': -122.3119600197085}, 'southwest': {'lat': 47.6539966197085, 'lng': -122.3146579802915}}}"
2021-04-19,09:45 PM,09:00 PM,NE 45th St,Armed Robbery,Man wearing all black clothing and a skeleton face mask reportedly displayed a short-barrel rifle.,"NE 45th St, Seattle, WA 98105, USA","{'bounds': {'northeast': {'lat': 47.66139910000002, 'lng': -122.2868785}, 'southwest': {'lat': 47.66100739999997, 'lng': -122.3209165}}, 'location': {'lat': 47.6612041, 'lng': -122.3044406}, 'location_type': 'GEOMETRIC_CENTER', 'viewport': {'northeast': {'lat': 47.66255223029149, 'lng': -122.2868785}, 'southwest': {'lat': 47.6598542697085, 'lng': -122.3209165}}}"
2021-02-12,2:20 PM,,"Seattle, WA",Suspended Operations,"Seattle campus operations, along with UW Bothell and UW Tacoma, remain suspended through Monday","University District, Seattle, WA, USA","{'bounds': {'northeast': {'lat': 47.6743199, 'lng': -122.2864358}, 'southwest': {'lat': 47.6474201, 'lng': -122.3222372}}, 'location': {'lat': 47.6627771, 'lng': -122.3138767}, 'location_type': 'APPROXIMATE', 'viewport': {'northeast': {'lat': 47.6743199, 'lng': -122.2864358}, 'southwest': {'lat': 47.6474201, 'lng': -122.3222372}}}"
2021-01-18,12:54 PM,12:57 PM,J&K wing loading dock,Smell of Gas,SFD Investigating Smell of Gas at J&K wing load dock (Health Sciences bldg). Avoid area.,"University District, Seattle, WA, USA","{'bounds': {'northeast': {'lat': 47.6743199, 'lng': -122.2864358}, 'southwest': {'lat': 47.6474201, 'lng': -122.3222372}}, 'location': {'lat': 47.6627771, 'lng': -122.3138767}, 'location_type': 'APPROXIMATE', 'viewport': {'northeast': {'lat': 47.6743199, 'lng': -122.2864358}, 'southwest': {'lat': 47.6474201, 'lng': -122.3222372}}}"
2020-12-24,,,Roosevelt Way NE and NE 50th St.,Fire in a vacant commercial building,No injuries have been reported at this time; Road closures & traffic being diverted to accommodate the fire response.,"Roosevelt Way NE & NE 50th St, Seattle, WA 98105, USA","{'location': {'lat': 47.6649371, 'lng': -122.3174043}, 'location_type': 'GEOMETRIC_CENTER', 'viewport': {'northeast': {'lat': 47.66628608029149, 'lng': -122.3160553197085}, 'southwest': {'lat': 47.6635881197085, 'lng': -122.3187532802915}}}"
2020-10-22,AFTERNOON,AFTERNOON,Washington State,911 System Outage,UWPD’s system may have been affected briefly,"University District, Seattle, WA, USA","{'bounds': {'northeast': {'lat': 47.6743199, 'lng': -122.2864358}, 'southwest': {'lat': 47.6474201, 'lng': -122.3222372}}, 'location': {'lat': 47.6627771, 'lng': -122.3138767}, 'location_type': 'APPROXIMATE', 'viewport': {'northeast': {'lat': 47.6743199, 'lng': -122.2864358}, 'southwest': {'lat': 47.6474201, 'lng': -122.3222372}}}"
2020-10-14,,,,,UW Alert Test on 10/15 Timed with Great ShakeOut 2020,"University District, Seattle, WA, USA","{'bounds': {'northeast': {'lat': 47.6743199, 'lng': -122.2864358}, 'southwest': {'lat': 47.6474201, 'lng': -122.3222372}}, 'location': {'lat': 47.6627771, 'lng': -122.3138767}, 'location_type': 'APPROXIMATE', 'viewport': {'northeast': {'lat': 47.6743199, 'lng': -122.2864358}, 'southwest': {'lat': 47.6474201, 'lng': -122.3222372}}}"
2020-09-30,1:11 PM,12:16 PM,Stevens Court,Fire response,Traffic closures in place,"113 Adams Ln NE, Seattle, WA 98105, USA","{'location': {'lat': 47.6545095, 'lng': -122.3162138}, 'location_type': 'ROOFTOP', 'viewport': {'northeast': {'lat': 47.6559944302915, 'lng': -122.3148047697085}, 'southwest': {'lat': 47.6532964697085, 'lng': -122.3175027302915}}}"
2020-09-14,11:55 AM,11:28 AM,Molecular Eng. & Sci. Bldg,Hazardous Materials,SFD responding to possible HazMat incident.,"Molecular Engineering and Sciences, University of Box 351653, 3946 W Stevens Way NE, Seattle, WA 98195, USA","{'bounds': {'northeast': {'lat': 47.6545889, 'lng': -122.3096117}, 'southwest': {'lat': 47.6541104, 'lng': -122.3101492}}, 'location': {'lat': 47.6543396, 'lng': -122.3098756}, 'location_type': 'ROOFTOP', 'viewport': {'northeast': {'lat': 47.6556770802915, 'lng': -122.3086626697085}, 'southwest': {'lat': 47.6529791197085, 'lng': -122.3113606302915}}}"
2020-08-30,4:08 PM,4:26 PM,NE 47th St. & Roosevelt Ave. NE,Accidental Shooting,Reported accidental shooting inside U-District business,"Roosevelt Way NE & NE 47th St, Seattle, WA 98105, USA","{'location': {'lat': 47.6631159, 'lng': -122.3174079}, 'location_type': 'GEOMETRIC_CENTER', 'viewport': {'northeast': {'lat': 47.6644648802915, 'lng': -122.3160589197085}, 'southwest': {'lat': 47.6617669197085, 'lng': -122.3187568802915}}}"
2020-08-28,11:25 AM,10:53 AM,U Way NE and NE 47th St.,Bank Robbery,"Shot fired, large police presence, avoid area.","University Way NE & NE 47th St, Seattle, WA 98105, USA","{'location': {'lat': 47.66310439999999, 'lng': -122.3131195}, 'location_type': 'GEOMETRIC_CENTER', 'viewport': {'northeast': {'lat': 47.66445338029149, 'lng': -122.3117705197085}, 'southwest': {'lat': 47.66175541970849, 'lng': -122.3144684802915}}}"
2020-06-03,,,Near University Village,Alert,"Safeway store broken into and being looted by multiple people and an individual, later discovered to be a UW student, was assaulted.","2623 NE University Village St, Seattle, WA 98105, USA","{'location': {'lat': 47.6616885, 'lng': -122.2990339}, 'location_type': 'ROOFTOP', 'viewport': {'northeast': {'lat': 47.6628162802915, 'lng': -122.2977030197085}, 'southwest': {'lat': 47.6601183197085, 'lng': -122.3004009802915}}}"
2020-06-01,5:35 PM,4:38 PM,NE 45th St. and 25th Ave. NE.,Protest,A large group has formed around University Village and people are smashing store windows and looting businesses.,"25th Ave NE, Seattle, WA, USA","{'bounds': {'northeast': {'lat': 47.67394860000002, 'lng': -122.3005932}, 'southwest': {'lat': 47.65893549999998, 'lng': -122.3011379}}, 'location': {'lat': 47.6673221, 'lng': -122.3005932}, 'location_type': 'GEOMETRIC_CENTER', 'viewport': {'northeast': {'lat': 47.67394860000002, 'lng': -122.2995165697085}, 'southwest': {'lat': 47.65893549999998, 'lng': -122.3022145302915}}}"
2020-06-01,5:03 PM,,,Injury,One person was injured and taken to the hospital. No arrests have been made.,"University District, Seattle, WA, USA","{'bounds': {'northeast': {'lat': 47.6743199, 'lng': -122.2864358}, 'southwest': {'lat': 47.6474201, 'lng': -122.3222372}}, 'location': {'lat': 47.6627771, 'lng': -122.3138767}, 'location_type': 'APPROXIMATE', 'viewport': {'northeast': {'lat': 47.6743199, 'lng': -122.2864358}, 'southwest': {'lat': 47.6474201, 'lng': -122.3222372}}}"
2020-06-01,2:34 PM,,,Service Modification,"Nordheim Court desk was closed at 2 PM and Local Point, Center Table, The Nook, and District Market dining venues will close at 6 PM.","University District, Seattle, WA, USA","{'bounds': {'northeast': {'lat': 47.6743199, 'lng': -122.2864358}, 'southwest': {'lat': 47.6474201, 'lng': -122.3222372}}, 'location': {'lat': 47.6627771, 'lng': -122.3138767}, 'location_type': 'APPROXIMATE', 'viewport': {'northeast': {'lat': 47.6743199, 'lng': -122.2864358}, 'southwest': {'lat': 47.6474201, 'lng': -122.3222372}}}"
2020-06-01,2:30 PM,,,Road Closure,"Please avoid roadways around campus, to the extent possible, to allow emergency vehicles to access the area if needed.","University District, Seattle, WA, USA","{'bounds': {'northeast': {'lat': 47.6743199, 'lng': -122.2864358}, 'southwest': {'lat': 47.6474201, 'lng': -122.3222372}}, 'location': {'lat': 47.6627771, 'lng': -122.3138767}, 'location_type': 'APPROXIMATE', 'viewport': {'northeast': {'lat': 47.6743199, 'lng': -122.2864358}, 'southwest': {'lat': 47.6474201, 'lng': -122.3222372}}}"
2020-06-01,2:25 PM,,,Curfew,Seattle Mayor Jenny Durkan has announced a citywide curfew of 6 p.m. Monday through 5 a.m. Tuesday.,"University District, Seattle, WA, USA","{'bounds': {'northeast': {'lat': 47.6743199, 'lng': -122.2864358}, 'southwest': {'lat': 47.6474201, 'lng': -122.3222372}}, 'location': {'lat': 47.6627771, 'lng': -122.3138767}, 'location_type': 'APPROXIMATE', 'viewport': {'northeast': {'lat': 47.6743199, 'lng': -122.2864358}, 'southwest': {'lat': 47.6474201, 'lng': -122.3222372}}}"
2020-06-01,2:10 PM,,,Protest,Police are monitoring a potential protest at University Village this afternoon. Members of the UW community who are on or around campus are advised to avoid the U Village area. Businesses there are closing early.,"University District, Seattle, WA, USA","{'bounds': {'northeast': {'lat': 47.6743199, 'lng': -122.2864358}, 'southwest': {'lat': 47.6474201, 'lng': -122.3222372}}, 'location': {'lat': 47.6627771, 'lng': -122.3138767}, 'location_type': 'APPROXIMATE', 'viewport': {'northeast': {'lat': 47.6743199, 'lng': -122.2864358}, 'southwest': {'lat': 47.6474201, 'lng': -122.3222372}}}"
2020-05-31,17:00,05/31/2020,Citywide,Curfew,"City of Seattle has imposed a curfew for Sunday night, beginning at 5 p.m. and remaining in place until 5 a.m. Monday.","University District, Seattle, WA, USA","{'bounds': {'northeast': {'lat': 47.6743199, 'lng': -122.2864358}, 'southwest': {'lat': 47.6474201, 'lng': -122.3222372}}, 'location': {'lat': 47.6627771, 'lng': -122.3138767}, 'location_type': 'APPROXIMATE', 'viewport': {'northeast': {'lat': 47.6743199, 'lng': -122.2864358}, 'southwest': {'lat': 47.6474201, 'lng': -122.3222372}}}"
2020-05-30,05:53 PM,05:00 PM,City of Seattle,Immediate Curfew,Immediate curfew imposed in the city,"University District, Seattle, WA, USA","{'bounds': {'northeast': {'lat': 47.6743199, 'lng': -122.2864358}, 'southwest': {'lat': 47.6474201, 'lng': -122.3222372}}, 'location': {'lat': 47.6627771, 'lng': -122.3138767}, 'location_type': 'APPROXIMATE', 'viewport': {'northeast': {'lat': 47.6743199, 'lng': -122.2864358}, 'southwest': {'lat': 47.6474201, 'lng': -122.3222372}}}"
2020-04-09,10:49 PM,UNKNOWN,4200 block of University Way NE,Armed Robbery,Seattle police are searching the U-District area for a male suspect who may be armed with a knife.,"4200 University Way NE, Seattle, WA 98105, USA","{'location': {'lat': 47.6584485, 'lng': -122.3129887}, 'location_type': 'ROOFTOP', 'viewport': {'northeast': {'lat': 47.65979748029149, 'lng': -122.3117553697085}, 'southwest': {'lat': 47.6570995197085, 'lng': -122.3144533302915}}}"
2020-03-27,,,,Unauthorized persons in buildings,Call 911 whenever you see unauthorized individuals in closed buildings.,"University District, Seattle, WA, USA","{'bounds': {'northeast': {'lat': 47.6743199, 'lng': -122.2864358}, 'southwest': {'lat': 47.6474201, 'lng': -122.3222372}}, 'location': {'lat': 47.6627771, 'lng': -122.3138767}, 'location_type': 'APPROXIMATE', 'viewport': {'northeast': {'lat': 47.6743199, 'lng': -122.2864358}, 'southwest': {'lat': 47.6474201, 'lng': -122.3222372}}}"
2020-03-27,,,,Crime in progress,Call 911 immediately if you see any crime in progress.,"University District, Seattle, WA, USA","{'bounds': {'northeast': {'lat': 47.6743199, 'lng': -122.2864358}, 'southwest': {'lat': 47.6474201, 'lng': -122.3222372}}, 'location': {'lat': 47.6627771, 'lng': -122.3138767}, 'location_type': 'APPROXIMATE', 'viewport': {'northeast': {'lat': 47.6743199, 'lng': -122.2864358}, 'southwest': {'lat': 47.6474201, 'lng': -122.3222372}}}"
2020-03-23,8:33 PM,,,,Erroneously sent message to entire UW list.,"University District, Seattle, WA, USA","{'bounds': {'northeast': {'lat': 47.6743199, 'lng': -122.2864358}, 'southwest': {'lat': 47.6474201, 'lng': -122.3222372}}, 'location': {'lat': 47.6627771, 'lng': -122.3138767}, 'location_type': 'APPROXIMATE', 'viewport': {'northeast': {'lat': 47.6743199, 'lng': -122.2864358}, 'southwest': {'lat': 47.6474201, 'lng': -122.3222372}}}"
2020-03-03,12:28 PM,12:28 PM,Various,Husky Card Malfunction,Some UW employees not able to access somecampus buildings due to a Husky card malfunction,"University District, Seattle, WA, USA","{'bounds': {'northeast': {'lat': 47.6743199, 'lng': -122.2864358}, 'southwest': {'lat': 47.6474201, 'lng': -122.3222372}}, 'location': {'lat': 47.6627771, 'lng': -122.3138767}, 'location_type': 'APPROXIMATE', 'viewport': {'northeast': {'lat': 47.6743199, 'lng': -122.2864358}, 'southwest': {'lat': 47.6474201, 'lng': -122.3222372}}}"
2020-03-04,04:09 PM,04:09 PM,Various,Husky Card Malfunction,Work on the Husky card malfunction is ongoing and there is no estimated time yet for repairs to the system,"University District, Seattle, WA, USA","{'bounds': {'northeast': {'lat': 47.6743199, 'lng': -122.2864358}, 'southwest': {'lat': 47.6474201, 'lng': -122.3222372}}, 'location': {'lat': 47.6627771, 'lng': -122.3138767}, 'location_type': 'APPROXIMATE', 'viewport': {'northeast': {'lat': 47.6743199, 'lng': -122.2864358}, 'southwest': {'lat': 47.6474201, 'lng': -122.3222372}}}"
2020-03-04,07:15 AM,07:15 AM,Various,Husky Card Malfunction,Access to campus buildings is restored. Employee Husky cards should allow access to buildings as normal,"University District, Seattle, WA, USA","{'bounds': {'northeast': {'lat': 47.6743199, 'lng': -122.2864358}, 'southwest': {'lat': 47.6474201, 'lng': -122.3222372}}, 'location': {'lat': 47.6627771, 'lng': -122.3138767}, 'location_type': 'APPROXIMATE', 'viewport': {'northeast': {'lat': 47.6743199, 'lng': -122.2864358}, 'southwest': {'lat': 47.6474201, 'lng': -122.3222372}}}"
2020-03-04,09:06 PM,09:06 PM,Various,Husky Card Malfunction,"Husky card access to some campus buildings may be delayed through Wednesday, but buildings should unlock at normal times Wednesday morning","University District, Seattle, WA, USA","{'bounds': {'northeast': {'lat': 47.6743199, 'lng': -122.2864358}, 'southwest': {'lat': 47.6474201, 'lng': -122.3222372}}, 'location': {'lat': 47.6627771, 'lng': -122.3138767}, 'location_type': 'APPROXIMATE', 'viewport': {'northeast': {'lat': 47.6743199, 'lng': -122.2864358}, 'southwest': {'lat': 47.6474201, 'lng': -122.3222372}}}"
2020-01-22,1:0 PM,12:20 PM,4500 Block of Roosevelt Way NE,Armed Robbery,"Suspect displayed an ax, which was concealed beneath his jacket. Suspect described as a male in his 30s with dark complexion, about 5-foot-7, medium build with face tattoos, and wearing a gray coat and pink headphones. Headed north.","4500 Roosevelt Way NE, Seattle, WA 98105, USA","{'location': {'lat': 47.6615126, 'lng': -122.3171002}, 'location_type': 'ROOFTOP', 'viewport': {'northeast': {'lat': 47.6628776302915, 'lng': -122.3159332697085}, 'southwest': {'lat': 47.6601796697085, 'lng': -122.3186312302915}}}"
2020-01-15,3:24 PM,2:25 PM,NE 42nd St & 7th Ave,Armed Robbery,A person was robbed by a 30 year old male who displayed a handgun,"NE 42nd St, Seattle, WA 98105, USA","{'bounds': {'northeast': {'lat': 47.65917800000003, 'lng': -122.2874247}, 'southwest': {'lat': 47.65751399999997, 'lng': -122.3218645}}, 'location': {'lat': 47.6583014, 'lng': -122.3120322}, 'location_type': 'GEOMETRIC_CENTER', 'viewport': {'northeast': {'lat': 47.6596949802915, 'lng': -122.2874247}, 'southwest': {'lat': 47.6569970197085, 'lng': -122.3218645}}}"
2020-01-14,1:35 PM,--,Seattle & Tacoma campuses,Normal Operations,"Operations at the UW’s Seattle and Tacoma campuses are normal Tuesday, Jan. 14.","University District, Seattle, WA, USA","{'bounds': {'northeast': {'lat': 47.6743199, 'lng': -122.2864358}, 'southwest': {'lat': 47.6474201, 'lng': -122.3222372}}, 'location': {'lat': 47.6627771, 'lng': -122.3138767}, 'location_type': 'APPROXIMATE', 'viewport': {'northeast': {'lat': 47.6743199, 'lng': -122.2864358}, 'southwest': {'lat': 47.6474201, 'lng': -122.3222372}}}"
2020-01-14,1:35 PM,--,UW Bothell,Closed,"UW Bothell has announced it is closed Tuesday, and all classes and activities are canceled.","University District, Seattle, WA, USA","{'bounds': {'northeast': {'lat': 47.6743199, 'lng': -122.2864358}, 'southwest': {'lat': 47.6474201, 'lng': -122.3222372}}, 'location': {'lat': 47.6627771, 'lng': -122.3138767}, 'location_type': 'APPROXIMATE', 'viewport': {'northeast': {'lat': 47.6743199, 'lng': -122.2864358}, 'southwest': {'lat': 47.6474201, 'lng': -122.3222372}}}"
2020-01-14,4:30 AM,--,All campuses,Facilities Working,"UW Facilities have been at work since 4 a.m. clearing and treating roads, pathways and entryways, operating and maintaining the power plant, utilities distribution systems and critical building mechanical systems, and providing critical transportation services to enable an effective return to normal operations for the UW.","NE Campus Pkwy, Seattle, WA 98105, USA","{'bounds': {'northeast': {'lat': 47.6567635, 'lng': -122.3114559}, 'southwest': {'lat': 47.6555172, 'lng': -122.3191452}}, 'location': {'lat': 47.6560107, 'lng': -122.3155883}, 'location_type': 'GEOMETRIC_CENTER', 'viewport': {'northeast': {'lat': 47.6574893302915, 'lng': -122.3114559}, 'southwest': {'lat': 47.6547913697085, 'lng': -122.3191452}}}"
2020-01-12,12:15 PM,9:30 AM,Seattle campus,Weather-related delay,Operations at the UW’s Seattle campus will be delayed until at least 9:30 a.m. Monday due to snowy and potentially icy conditions.,"University District, Seattle, WA, USA","{'bounds': {'northeast': {'lat': 47.6743199, 'lng': -122.2864358}, 'southwest': {'lat': 47.6474201, 'lng': -122.3222372}}, 'location': {'lat': 47.6627771, 'lng': -122.3138767}, 'location_type': 'APPROXIMATE', 'viewport': {'northeast': {'lat': 47.6743199, 'lng': -122.2864358}, 'southwest': {'lat': 47.6474201, 'lng': -122.3222372}}}"
2020-01-12,12:15 PM,10:30 AM,Bothell campus,Weather-related delay,UW Bothell has announced it will delay opening until 10:30 a.m.,"18115 Campus Way NE, Bothell, WA 98011, USA","{'location': {'lat': 47.7589719, 'lng': -122.190707}, 'location_type': 'ROOFTOP', 'viewport': {'northeast': {'lat': 47.7603398802915, 'lng': -122.1891569197085}, 'southwest': {'lat': 47.7576419197085, 'lng': -122.1918548802915}}}"
2019-11-18,11:26 AM,11:02 AM,"Raitt Hall, Quad",Gas Smell,Reports of a gas smell at Raitt Hall in the Quad.,"1901 Chelan Ln, Seattle, WA 98195, USA","{'location': {'lat': 47.657897, 'lng': -122.3072388}, 'location_type': 'ROOFTOP', 'viewport': {'northeast': {'lat': 47.6592549302915, 'lng': -122.3060470697085}, 'southwest': {'lat': 47.6565569697085, 'lng': -122.3087450302915}}}"
2019-11-05,5:38 AM,5:21 AM,1300 block of NE 42nd Street,Stabbing,"Police report a stabbing near the 1300 block of NE 42nd Street. Two suspects have left the scene. One suspect is described as a male with dark complexion, heavy set. The other suspect is described as a male with light complexion, walking with a limp. Report any people seen with these descriptions to 9-1-1.","1300 NE 42nd St, Seattle, WA 98105, USA","{'location': {'lat': 47.6583352, 'lng': -122.3143799}, 'location_type': 'RANGE_INTERPOLATED', 'viewport': {'northeast': {'lat': 47.65968418029149, 'lng': -122.3130309197085}, 'southwest': {'lat': 47.6569862197085, 'lng': -122.3157288802915}}}"
2019-10-16,-,10:17 AM,-,Earthquake Drill,The UW Alert notification system and UW Outdoor Alert notification system will be tested on 10/17/2019 around 10:17 AM for the Great ShakeOut 2019 international earthquake drill.,"University District, Seattle, WA, USA","{'bounds': {'northeast': {'lat': 47.6743199, 'lng': -122.2864358}, 'southwest': {'lat': 47.6474201, 'lng': -122.3222372}}, 'location': {'lat': 47.6627771, 'lng': -122.3138767}, 'location_type': 'APPROXIMATE', 'viewport': {'northeast': {'lat': 47.6743199, 'lng': -122.2864358}, 'southwest': {'lat': 47.6474201, 'lng': -122.3222372}}}"
2019-10-14,5:57 PM,UNKNOWN,Brooklyn Ave NE and NE 45th St.,Gas Leak,Gas leak near UW Tower,"Brooklyn Ave NE & NE 45th St, Seattle, WA 98105, USA","{'location': {'lat': 47.6612836, 'lng': -122.3143207}, 'location_type': 'GEOMETRIC_CENTER', 'viewport': {'northeast': {'lat': 47.66263258029149, 'lng': -122.3129717197085}, 'southwest': {'lat': 47.65993461970849, 'lng': -122.3156696802915}}}"
2019-10-14,5:30 PM,UNKNOWN,Brooklyn Ave NE and NE 45th St.,Gas Leak,Crews have secured gas leak near UW Tower,"Brooklyn Ave NE & NE 45th St, Seattle, WA 98105, USA","{'location': {'lat': 47.6612836, 'lng': -122.3143207}, 'location_type': 'GEOMETRIC_CENTER', 'viewport': {'northeast': {'lat': 47.66263258029149, 'lng': -122.3129717197085}, 'southwest': {'lat': 47.65993461970849, 'lng': -122.3156696802915}}}"
2019-10-14,3:32 PM,UNKNOWN,Brooklyn Ave NE and NE 45th St.,Gas Leak,Evacuation map updated,"Brooklyn Ave NE & NE 45th St, Seattle, WA 98105, USA","{'location': {'lat': 47.6612836, 'lng': -122.3143207}, 'location_type': 'GEOMETRIC_CENTER', 'viewport': {'northeast': {'lat': 47.66263258029149, 'lng': -122.3129717197085}, 'southwest': {'lat': 47.65993461970849, 'lng': -122.3156696802915}}}"
2019-10-14,3:10 PM,UNKNOWN,Brooklyn Ave NE and NE 45th St.,Gas Leak,Evacuation map updated,"Brooklyn Ave NE & NE 45th St, Seattle, WA 98105, USA","{'location': {'lat': 47.6612836, 'lng': -122.3143207}, 'location_type': 'GEOMETRIC_CENTER', 'viewport': {'northeast': {'lat': 47.66263258029149, 'lng': -122.3129717197085}, 'southwest': {'lat': 47.65993461970849, 'lng': -122.3156696802915}}}"
2019-10-14,3:00 PM,UNKNOWN,Brooklyn Ave NE and NE 45th St.,Gas Leak,Estimate 2-3 hours before gas leak is cleared,"Brooklyn Ave NE & NE 45th St, Seattle, WA 98105, USA","{'location': {'lat': 47.6612836, 'lng': -122.3143207}, 'location_type': 'GEOMETRIC_CENTER', 'viewport': {'northeast': {'lat': 47.66263258029149, 'lng': -122.3129717197085}, 'southwest': {'lat': 47.65993461970849, 'lng': -122.3156696802915}}}"
2019-10-14,2:35 PM,UNKNOWN,Brooklyn Ave NE and NE 45th St.,Gas Leak,Fire and utility crews addressing gas leak,"Brooklyn Ave NE & NE 45th St, Seattle, WA 98105, USA","{'location': {'lat': 47.6612836, 'lng': -122.3143207}, 'location_type': 'GEOMETRIC_CENTER', 'viewport': {'northeast': {'lat': 47.66263258029149, 'lng': -122.3129717197085}, 'southwest': {'lat': 47.65993461970849, 'lng': -122.3156696802915}}}"
2019-10-14,UNKNOWN,UNKNOWN,Brooklyn Ave NE and NE 45th St.,Gas Leak,Seattle Fire Department responding to reported gas leak,"Brooklyn Ave NE & NE 45th St, Seattle, WA 98105, USA","{'location': {'lat': 47.6612836, 'lng': -122.3143207}, 'location_type': 'GEOMETRIC_CENTER', 'viewport': {'northeast': {'lat': 47.66263258029149, 'lng': -122.3129717197085}, 'southwest': {'lat': 47.65993461970849, 'lng': -122.3156696802915}}}"
2019-10-02,4:21 PM,3:53 PM,UW Medical Center,Fire,Fire response at UWMC,"Main Hospital, 1959 NE Pacific St 2nd Floor, Seattle, WA 98195, USA","{'location': {'lat': 47.6489614, 'lng': -122.3063462}, 'location_type': 'ROOFTOP', 'viewport': {'northeast': {'lat': 47.6503713802915, 'lng': -122.3047789197085}, 'southwest': {'lat': 47.6476734197085, 'lng': -122.3074768802915}}}"
2019-09-25,8:40 PM,6:33 PM,4600 block of Union Bay Place NE,hazmat spill,"hydrofluoric acid spill in a lab facility, one patient in stable condition transported to HMC","4600 Union Bay Pl NE, Seattle, WA 98105, USA","{'bounds': {'northeast': {'lat': 47.6630134, 'lng': -122.2938094}, 'southwest': {'lat': 47.6626671, 'lng': -122.2941817}}, 'location': {'lat': 47.6628648, 'lng': -122.2939786}, 'location_type': 'ROOFTOP', 'viewport': {'northeast': {'lat': 47.6641871302915, 'lng': -122.2926712697085}, 'southwest': {'lat': 47.6614891697085, 'lng': -122.2953692302915}}}"
2019-09-20,11:28 PM,,NE 43rd St and University Way NE,Suspicious Package,Seattle police are investigating a suspicious package reported outside the post office. Police have cordoned off the area.,"University Way NE & NE 43rd St, Seattle, WA 98105, USA","{'location': {'lat': 47.6598062, 'lng': -122.3131848}, 'location_type': 'GEOMETRIC_CENTER', 'viewport': {'northeast': {'lat': 47.66115518029149, 'lng': -122.3118358197085}, 'southwest': {'lat': 47.6584572197085, 'lng': -122.3145337802915}}}"
2019-09-20,11:20 PM,,NE 43rd St and University Way NE,Suspicious Package,The Seattle police bomb squad has arrived and diffused the package. The area will remain closed off while the investigation continues.,"University Way NE & NE 43rd St, Seattle, WA 98105, USA","{'location': {'lat': 47.6598062, 'lng': -122.3131848}, 'location_type': 'GEOMETRIC_CENTER', 'viewport': {'northeast': {'lat': 47.66115518029149, 'lng': -122.3118358197085}, 'southwest': {'lat': 47.6584572197085, 'lng': -122.3145337802915}}}"
2019-09-19,11:12 AM,10:51 AM,NE 45th St. and University Way NE,Possible armed person,Seattle and UW police investigating a report of a possible armed person who was said to have been seen on a rooftop. Two individuals are described to have been seen wearing green Army fatigues with one apparently carrying a long rifle. SPD is actively searching the area. Search for the individuals is moving west toward Brooklyn Ave. NE.,"University Way NE & NE 45th St, Seattle, WA 98105, USA","{'location': {'lat': 47.6612874, 'lng': -122.3131373}, 'location_type': 'GEOMETRIC_CENTER', 'viewport': {'northeast': {'lat': 47.6626363802915, 'lng': -122.3117883197085}, 'southwest': {'lat': 47.6599384197085, 'lng': -122.3144862802915}}}"
2019-09-05,7:00 AM,7:31 AM,,Test Alert,UW Indoor Alert system test,"University District, Seattle, WA, USA","{'bounds': {'northeast': {'lat': 47.6743199, 'lng': -122.2864358}, 'southwest': {'lat': 47.6474201, 'lng': -122.3222372}}, 'location': {'lat': 47.6627771, 'lng': -122.3138767}, 'location_type': 'APPROXIMATE', 'viewport': {'northeast': {'lat': 47.6743199, 'lng': -122.2864358}, 'southwest': {'lat': 47.6474201, 'lng': -122.3222372}}}"
2019-08-30,8:00 AM,8:00 AM,"Haggett Hall, UW Campus",Fire Department Training,The Seattle Fire Department is using the South tower of Haggett Hall on the UW campus for non-destructive high-rise training,"4290 Whitman Ct NE, Seattle, WA 98195, USA","{'location': {'lat': 47.6592919, 'lng': -122.3036658}, 'location_type': 'ROOFTOP', 'viewport': {'northeast': {'lat': 47.66082403029149, 'lng': -122.3024451697085}, 'southwest': {'lat': 47.65812606970849, 'lng': -122.3051431302915}}}"
2019-08-31,8:00 AM,8:00 AM,"Haggett Hall, UW Campus",Fire Department Training,The Seattle Fire Department is using the South tower of Haggett Hall on the UW campus for non-destructive high-rise training,"4290 Whitman Ct NE, Seattle, WA 98195, USA","{'location': {'lat': 47.6592919, 'lng': -122.3036658}, 'location_type': 'ROOFTOP', 'viewport': {'northeast': {'lat': 47.66082403029149, 'lng': -122.3024451697085}, 'southwest': {'lat': 47.65812606970849, 'lng': -122.3051431302915}}}"
2019-09-01,8:00 AM,8:00 AM,"Haggett Hall, UW Campus",Fire Department Training,The Seattle Fire Department is using the South tower of Haggett Hall on the UW campus for non-destructive high-rise training,"4290 Whitman Ct NE, Seattle, WA 98195, USA","{'location': {'lat': 47.6592919, 'lng': -122.3036658}, 'location_type': 'ROOFTOP', 'viewport': {'northeast': {'lat': 47.66082403029149, 'lng': -122.3024451697085}, 'southwest': {'lat': 47.65812606970849, 'lng': -122.3051431302915}}}"
2019-09-03,8:00 AM,8:00 AM,"Haggett Hall, UW Campus",Fire Department Training,The Seattle Fire Department is using the South tower of Haggett Hall on the UW campus for non-destructive high-rise training,"4290 Whitman Ct NE, Seattle, WA 98195, USA","{'location': {'lat': 47.6592919, 'lng': -122.3036658}, 'location_type': 'ROOFTOP', 'viewport': {'northeast': {'lat': 47.66082403029149, 'lng': -122.3024451697085}, 'southwest': {'lat': 47.65812606970849, 'lng': -122.3051431302915}}}"
2019-09-04,8:00 AM,8:00 AM,"Haggett Hall, UW Campus",Fire Department Training,The Seattle Fire Department is using the South tower of Haggett Hall on the UW campus for non-destructive high-rise training,"4290 Whitman Ct NE, Seattle, WA 98195, USA","{'location': {'lat': 47.6592919, 'lng': -122.3036658}, 'location_type': 'ROOFTOP', 'viewport': {'northeast': {'lat': 47.66082403029149, 'lng': -122.3024451697085}, 'southwest': {'lat': 47.65812606970849, 'lng': -122.3051431302915}}}"
2019-09-05,8:00 AM,8:00 AM,"Haggett Hall, UW Campus",Fire Department Training,The Seattle Fire Department is using the South tower of Haggett Hall on the UW campus for non-destructive high-rise training,"4290 Whitman Ct NE, Seattle, WA 98195, USA","{'location': {'lat': 47.6592919, 'lng': -122.3036658}, 'location_type': 'ROOFTOP', 'viewport': {'northeast': {'lat': 47.66082403029149, 'lng': -122.3024451697085}, 'southwest': {'lat': 47.65812606970849, 'lng': -122.3051431302915}}}"
2019-09-06,8:00 AM,8:00 AM,"Haggett Hall, UW Campus",Fire Department Training,The Seattle Fire Department is using the South tower of Haggett Hall on the UW campus for non-destructive high-rise training,"4290 Whitman Ct NE, Seattle, WA 98195, USA","{'location': {'lat': 47.6592919, 'lng': -122.3036658}, 'location_type': 'ROOFTOP', 'viewport': {'northeast': {'lat': 47.66082403029149, 'lng': -122.3024451697085}, 'southwest': {'lat': 47.65812606970849, 'lng': -122.3051431302915}}}"
2019-08-14,10:26 PM,7:00 PM,1400 block of NE 43 Street,Homicide Investigation,Man was stabbed in the alley near NE 43rd St. and University Way NE. Victim was pronounced deceased.,"1400 NE 43rd St, Seattle, WA 98105, USA","{'location': {'lat': 47.6598062, 'lng': -122.3131791}, 'location_type': 'RANGE_INTERPOLATED', 'viewport': {'northeast': {'lat': 47.66115518029149, 'lng': -122.3118301197085}, 'southwest': {'lat': 47.6584572197085, 'lng': -122.3145280802915}}}"
2019-08-14,08:00 PM,7:00 PM,1400 block of NE 43 Street,Homicide Investigation,Man was stabbed in the alley near NE 43rd St. and University Way NE. Suspect information will be provided as it becomes available.,"1400 NE 43rd St, Seattle, WA 98105, USA","{'location': {'lat': 47.6598062, 'lng': -122.3131791}, 'location_type': 'RANGE_INTERPOLATED', 'viewport': {'northeast': {'lat': 47.66115518029149, 'lng': -122.3118301197085}, 'southwest': {'lat': 47.6584572197085, 'lng': -122.3145280802915}}}"
2019-08-14,07:51 PM,7:00 PM,NE 43rd St. and University Way NE,Stabbing,Significant police and emergency response near the intersection after a stabbing occurred in an alley between NE 43rd and NE 42nd. Seattle police have not yet determined a suspect description.,"University Way NE & NE 43rd St, Seattle, WA 98105, USA","{'location': {'lat': 47.6598062, 'lng': -122.3131848}, 'location_type': 'GEOMETRIC_CENTER', 'viewport': {'northeast': {'lat': 47.66115518029149, 'lng': -122.3118358197085}, 'southwest': {'lat': 47.6584572197085, 'lng': -122.3145337802915}}}"
2019-08-01,10:35 PM,10:39 AM,N22 parking lot,Gas leak,Gas line was inadvertently struck during work; area has been rendered safe,"4062 E Stevens Way NE, Seattle, WA 98105, USA","{'bounds': {'northeast': {'lat': 47.6566387, 'lng': -122.3045718}, 'southwest': {'lat': 47.656067, 'lng': -122.3054451}}, 'location': {'lat': 47.6563121, 'lng': -122.3050532}, 'location_type': 'GEOMETRIC_CENTER', 'viewport': {'northeast': {'lat': 47.6577018302915, 'lng': -122.3036594697085}, 'southwest': {'lat': 47.6550038697085, 'lng': -122.3063574302915}}}"
2019-08-01,10:30 AM,10:30 AM,N22 parking lot,Gas leak,Gas line was inadvertently struck during work; area to avoid,"4062 E Stevens Way NE, Seattle, WA 98105, USA","{'bounds': {'northeast': {'lat': 47.6566387, 'lng': -122.3045718}, 'southwest': {'lat': 47.656067, 'lng': -122.3054451}}, 'location': {'lat': 47.6563121, 'lng': -122.3050532}, 'location_type': 'GEOMETRIC_CENTER', 'viewport': {'northeast': {'lat': 47.6577018302915, 'lng': -122.3036594697085}, 'southwest': {'lat': 47.6550038697085, 'lng': -122.3063574302915}}}"
2019-07-26,11:01:40 AM,,,Stevenson Way Closures,"Starts 07/29, bus reroutes until 8/30","University District, Seattle, WA, USA","{'bounds': {'northeast': {'lat': 47.6743199, 'lng': -122.2864358}, 'southwest': {'lat': 47.6474201, 'lng': -122.3222372}}, 'location': {'lat': 47.6627771, 'lng': -122.3138767}, 'location_type': 'APPROXIMATE', 'viewport': {'northeast': {'lat': 47.6743199, 'lng': -122.2864358}, 'southwest': {'lat': 47.6474201, 'lng': -122.3222372}}}"
2019-06-27,6:18 PM,6:00 PM,East Stevens Way NE,HazMat response,Possible HazMat response,"E Stevens Way NE, Seattle, WA, USA","{'bounds': {'northeast': {'lat': 47.6601904, 'lng': -122.3026363}, 'southwest': {'lat': 47.6520452, 'lng': -122.3103258}}, 'location': {'lat': 47.6563441, 'lng': -122.3046509}, 'location_type': 'GEOMETRIC_CENTER', 'viewport': {'northeast': {'lat': 47.6601904, 'lng': -122.3026363}, 'southwest': {'lat': 47.6520452, 'lng': -122.3103258}}}"
2019-06-11,14:03,14:00,NE Pacific Street,Traffic,Water line break,"NE Pacific St, Seattle, WA, USA","{'bounds': {'northeast': {'lat': 47.65439950000003, 'lng': -122.3045936}, 'southwest': {'lat': 47.64901719999997, 'lng': -122.3189114}}, 'location': {'lat': 47.652416, 'lng': -122.311422}, 'location_type': 'GEOMETRIC_CENTER', 'viewport': {'northeast': {'lat': 47.65439950000003, 'lng': -122.3045936}, 'southwest': {'lat': 47.64901719999997, 'lng': -122.3189114}}}"
2019-06-11,13:50,13:41,"NE Pacific Street, 15th Ave.",Traffic,Congested traffic,"NE Pacific St & 15th Ave NE, Seattle, WA 98105, USA","{'location': {'lat': 47.6529817, 'lng': -122.3124887}, 'location_type': 'GEOMETRIC_CENTER', 'viewport': {'northeast': {'lat': 47.65433068029149, 'lng': -122.3111397197085}, 'southwest': {'lat': 47.6516327197085, 'lng': -122.3138376802915}}}"
2019-06-11,13:24,13:00,Health Sciences Center I-Wing,Flooding,Standing water in Rotunda,"1959 NE Pacific St, Seattle, WA 98195, USA","{'location': {'lat': 47.6504236, 'lng': -122.3080908}, 'location_type': 'ROOFTOP', 'viewport': {'northeast': {'lat': 47.6518929302915, 'lng': -122.3066079197085}, 'southwest': {'lat': 47.6491949697085, 'lng': -122.3093058802915}}}"
2019-06-11,13:00,12:40,"Hitchcock Hall, 15th Ave. NE",Traffic,Redirected traffic,"1605 NE Pacific St #220, Seattle, WA 98195, USA","{'location': {'lat': 47.65191739999999, 'lng': -122.3115175}, 'location_type': 'ROOFTOP', 'viewport': {'northeast': {'lat': 47.65344733029149, 'lng': -122.3099778197085}, 'southwest': {'lat': 47.65074936970849, 'lng': -122.3126757802915}}}"
2019-05-21,1:00 PM,1:00 PM,Fluke Hall,Hazardous Materials,"Automatic alarm activated, area determined to be safe.","4000 Mason Rd, Seattle, WA 98195, USA","{'location': {'lat': 47.6557556, 'lng': -122.3030667}, 'location_type': 'ROOFTOP', 'viewport': {'northeast': {'lat': 47.65723948029149, 'lng': -122.3015391697085}, 'southwest': {'lat': 47.65454151970849, 'lng': -122.3042371302915}}}"
2019-05-13,5:01AM,4:30AM,NE 47th St and NE University Way,Possible Shooting,A man walked into a business with a gunshot wound; suspect left in a red vehicle.,"NE 47th St, Seattle, WA 98105, USA","{'bounds': {'northeast': {'lat': 47.6648192, 'lng': -122.2740265}, 'southwest': {'lat': 47.6607244, 'lng': -122.3277436}}, 'location': {'lat': 47.6631421, 'lng': -122.3009234}, 'location_type': 'GEOMETRIC_CENTER', 'viewport': {'northeast': {'lat': 47.6648192, 'lng': -122.2740265}, 'southwest': {'lat': 47.6607244, 'lng': -122.3277436}}}"
2019-03-29,12:45 PM,12:45 PM,Seattle Campus,Indoor Alert,Inadvertently activated by technician testing another part of the system,"University District, Seattle, WA, USA","{'bounds': {'northeast': {'lat': 47.6743199, 'lng': -122.2864358}, 'southwest': {'lat': 47.6474201, 'lng': -122.3222372}}, 'location': {'lat': 47.6627771, 'lng': -122.3138767}, 'location_type': 'APPROXIMATE', 'viewport': {'northeast': {'lat': 47.6743199, 'lng': -122.2864358}, 'southwest': {'lat': 47.6474201, 'lng': -122.3222372}}}"
2019-03-17,8:34 PM,,"Blakeley Village, Stevens Court, Nordheim Court",Power Outages,Power outages have been reported sporadically in some university apartments and other outlying buildings around campus. See Seattle City Light’s outage map for more info.,"4747 30th Ave NE, Seattle, WA 98105, USA","{'location': {'lat': 47.6649816, 'lng': -122.297314}, 'location_type': 'ROOFTOP', 'viewport': {'northeast': {'lat': 47.6663726302915, 'lng': -122.2960819697085}, 'southwest': {'lat': 47.6636746697085, 'lng': -122.2987799302915}}}"
2019-02-13,4:52 AM,,,Trees and building overhangs,"Please be aware that as the snow and ice melts off trees and rooftops, clumps of ice and snow can fall to the ground below, and tree branches can also fall.","University District, Seattle, WA, USA","{'bounds': {'northeast': {'lat': 47.6743199, 'lng': -122.2864358}, 'southwest': {'lat': 47.6474201, 'lng': -122.3222372}}, 'location': {'lat': 47.6627771, 'lng': -122.3138767}, 'location_type': 'APPROXIMATE', 'viewport': {'northeast': {'lat': 47.6743199, 'lng': -122.2864358}, 'southwest': {'lat': 47.6474201, 'lng': -122.3222372}}}"
2019-02-13,4:52 AM,,,Limited ADA accessibility,"Crews have prioritized ADA accessibility around campus and near ADA-designated parking areas, however they may be impacted by the ongoing slush and ice.","University District, Seattle, WA, USA","{'bounds': {'northeast': {'lat': 47.6743199, 'lng': -122.2864358}, 'southwest': {'lat': 47.6474201, 'lng': -122.3222372}}, 'location': {'lat': 47.6627771, 'lng': -122.3138767}, 'location_type': 'APPROXIMATE', 'viewport': {'northeast': {'lat': 47.6743199, 'lng': -122.2864358}, 'southwest': {'lat': 47.6474201, 'lng': -122.3222372}}}"
2019-02-13,4:52 AM,,,Parking lots and garages,Please use caution walking and driving in parking lots and garages. Some transitions from lots and garages onto roads remain slushy or icy in spots.,"University District, Seattle, WA, USA","{'bounds': {'northeast': {'lat': 47.6743199, 'lng': -122.2864358}, 'southwest': {'lat': 47.6474201, 'lng': -122.3222372}}, 'location': {'lat': 47.6627771, 'lng': -122.3138767}, 'location_type': 'APPROXIMATE', 'viewport': {'northeast': {'lat': 47.6743199, 'lng': -122.2864358}, 'southwest': {'lat': 47.6474201, 'lng': -122.3222372}}}"
2019-02-13,4:52 AM,,,Caution entering and exiting buildings,"Custodial crews will aim to keep entryways into buildings as dry as possible, but please assist in the effort by wiping shoes off upon entering buildings and be mindful to avoid bringing ice inside.","University District, Seattle, WA, USA","{'bounds': {'northeast': {'lat': 47.6743199, 'lng': -122.2864358}, 'southwest': {'lat': 47.6474201, 'lng': -122.3222372}}, 'location': {'lat': 47.6627771, 'lng': -122.3138767}, 'location_type': 'APPROXIMATE', 'viewport': {'northeast': {'lat': 47.6743199, 'lng': -122.2864358}, 'southwest': {'lat': 47.6474201, 'lng': -122.3222372}}}"
2019-02-12,7:25 PM,,UW Bothell,Suspension,Suspended operations,"University District, Seattle, WA, USA","{'bounds': {'northeast': {'lat': 47.6743199, 'lng': -122.2864358}, 'southwest': {'lat': 47.6474201, 'lng': -122.3222372}}, 'location': {'lat': 47.6627771, 'lng': -122.3138767}, 'location_type': 'APPROXIMATE', 'viewport': {'northeast': {'lat': 47.6743199, 'lng': -122.2864358}, 'southwest': {'lat': 47.6474201, 'lng': -122.3222372}}}"
2019-02-12,,,All Campuses,Caution,"Use caution walking, driving; wear appropraite winter footwear; trees, overhangs, ADA accessibility, parking lots, garages, entry/exit to buildings are potential hazards","NE Campus Pkwy, Seattle, WA 98105, USA","{'bounds': {'northeast': {'lat': 47.6567635, 'lng': -122.3114559}, 'southwest': {'lat': 47.6555172, 'lng': -122.3191452}}, 'location': {'lat': 47.6560107, 'lng': -122.3155883}, 'location_type': 'GEOMETRIC_CENTER', 'viewport': {'northeast': {'lat': 47.6574893302915, 'lng': -122.3114559}, 'southwest': {'lat': 47.6547913697085, 'lng': -122.3191452}}}"
2019-02-11,7 AM,OVERNIGHT,Stevens Way,Falling Branches,Weight of snow caused branches to break and fall.,"E Stevens Way NE, Seattle, WA, USA","{'bounds': {'northeast': {'lat': 47.6601904, 'lng': -122.3026363}, 'southwest': {'lat': 47.6520452, 'lng': -122.3103258}}, 'location': {'lat': 47.6563441, 'lng': -122.3046509}, 'location_type': 'GEOMETRIC_CENTER', 'viewport': {'northeast': {'lat': 47.6601904, 'lng': -122.3026363}, 'southwest': {'lat': 47.6520452, 'lng': -122.3103258}}}"
2019-02-10,5:30 PM,,"UW Seattle, UW Tacoma, UW Bothell",Suspended Operations,"Due to continued snow and icy conditions, normal operations are suspended on the UW Seattle, Tacoma, & Bothell campuses.","University District, Seattle, WA, USA","{'bounds': {'northeast': {'lat': 47.6743199, 'lng': -122.2864358}, 'southwest': {'lat': 47.6474201, 'lng': -122.3222372}}, 'location': {'lat': 47.6627771, 'lng': -122.3138767}, 'location_type': 'APPROXIMATE', 'viewport': {'northeast': {'lat': 47.6743199, 'lng': -122.2864358}, 'southwest': {'lat': 47.6474201, 'lng': -122.3222372}}}"
2019-02-07,05:08 PM,12:30 PM,UW Seattle,Suspended Ops,UW suspends operations early at 12:30 p.m. Friday due to significant snowfall.,"Seattle, WA 98195, USA","{'location': {'lat': 47.65533509999999, 'lng': -122.3035199}, 'location_type': 'GEOMETRIC_CENTER', 'viewport': {'northeast': {'lat': 47.661241, 'lng': -122.2975526}, 'southwest': {'lat': 47.6476342, 'lng': -122.3172654}}}"
2019-02-08,02:25 PM,,UW Seattle,Suspended Ops,UW Seattle campus suspends normal operations on Sunday due to significant snowfall,"Seattle, WA 98195, USA","{'location': {'lat': 47.65533509999999, 'lng': -122.3035199}, 'location_type': 'GEOMETRIC_CENTER', 'viewport': {'northeast': {'lat': 47.661241, 'lng': -122.2975526}, 'southwest': {'lat': 47.6476342, 'lng': -122.3172654}}}"
2019-02-08,07:41 PM,01:00 PM,UW Bothell,Suspended Ops,UW Bothell suspends operations at 1 p.m. Friday for weekend.,"University District, Seattle, WA, USA","{'bounds': {'northeast': {'lat': 47.6743199, 'lng': -122.2864358}, 'southwest': {'lat': 47.6474201, 'lng': -122.3222372}}, 'location': {'lat': 47.6627771, 'lng': -122.3138767}, 'location_type': 'APPROXIMATE', 'viewport': {'northeast': {'lat': 47.6743199, 'lng': -122.2864358}, 'southwest': {'lat': 47.6474201, 'lng': -122.3222372}}}"
2019-02-08,02:25 PM,,UW Tacoma,Suspended Ops,UW Tacoma suspends operations at 12:15 p.m. Friday through the weekend.,"Tacoma, WA, USA","{'bounds': {'northeast': {'lat': 47.331984, 'lng': -122.3482139}, 'southwest': {'lat': 47.166528, 'lng': -122.565437}}, 'location': {'lat': 47.2528768, 'lng': -122.4442906}, 'location_type': 'APPROXIMATE', 'viewport': {'northeast': {'lat': 47.331984, 'lng': -122.3482139}, 'southwest': {'lat': 47.166528, 'lng': -122.565437}}}"
2019-02-06,12:12 PM,UNKNOWN,Near Drumheller Fountain,Medical/police response,A person sustained a serious injury near the fountain.,"Drumheller Fountain, Seattle, WA 98195, USA","{'bounds': {'northeast': {'lat': 47.6540703, 'lng': -122.3074191}, 'southwest': {'lat': 47.6535432, 'lng': -122.308197}}, 'location': {'lat': 47.6537532, 'lng': -122.3077384}, 'location_type': 'APPROXIMATE', 'viewport': {'northeast': {'lat': 47.6551557302915, 'lng': -122.3064590697085}, 'southwest': {'lat': 47.6524577697085, 'lng': -122.3091570302915}}}"
2019-02-05,7:23 PM,-,UW Bothell,Delayed Opening,Classes and activities before 10 a.m. are canceled,"University District, Seattle, WA, USA","{'bounds': {'northeast': {'lat': 47.6743199, 'lng': -122.2864358}, 'southwest': {'lat': 47.6474201, 'lng': -122.3222372}}, 'location': {'lat': 47.6627771, 'lng': -122.3138767}, 'location_type': 'APPROXIMATE', 'viewport': {'northeast': {'lat': 47.6743199, 'lng': -122.2864358}, 'southwest': {'lat': 47.6474201, 'lng': -122.3222372}}}"
2019-02-05,8:27 PM,-,UW Tacoma,Return to Normal,Return to normal operations Wednesday,"Tacoma, WA, USA","{'bounds': {'northeast': {'lat': 47.331984, 'lng': -122.3482139}, 'southwest': {'lat': 47.166528, 'lng': -122.565437}}, 'location': {'lat': 47.2528768, 'lng': -122.4442906}, 'location_type': 'APPROXIMATE', 'viewport': {'northeast': {'lat': 47.331984, 'lng': -122.3482139}, 'southwest': {'lat': 47.166528, 'lng': -122.565437}}}"
2019-02-03,5:16 AM,5:16 AM,UW Seattle Campus,Suspended Operations,Suspended operations and canceled classes due to snow,"Seattle, WA 98195, USA","{'location': {'lat': 47.65533509999999, 'lng': -122.3035199}, 'location_type': 'GEOMETRIC_CENTER', 'viewport': {'northeast': {'lat': 47.661241, 'lng': -122.2975526}, 'southwest': {'lat': 47.6476342, 'lng': -122.3172654}}}"
2019-02-04,6:15 AM,6:15 AM,UW Bothell Campus,Suspended Operations,Suspended operations and canceled classes,"18115 Campus Way NE, Bothell, WA 98011, USA","{'location': {'lat': 47.7589719, 'lng': -122.190707}, 'location_type': 'ROOFTOP', 'viewport': {'northeast': {'lat': 47.7603398802915, 'lng': -122.1891569197085}, 'southwest': {'lat': 47.7576419197085, 'lng': -122.1918548802915}}}"
2019-02-04,7:14 AM,7:14 AM,UW Tacoma Campus,Suspended Operations,"Suspended operations, canceled classes, events, and activities","Seattle, WA 98195, USA","{'location': {'lat': 47.65533509999999, 'lng': -122.3035199}, 'location_type': 'GEOMETRIC_CENTER', 'viewport': {'northeast': {'lat': 47.661241, 'lng': -122.2975526}, 'southwest': {'lat': 47.6476342, 'lng': -122.3172654}}}"
2019-01-25,10:00 PM,9:35 PM,NE 43rd St. and University Way NE,Shots Fired,Officers are responding to a report of shots fired from a vehicle,"University Way NE & NE 43rd St, Seattle, WA 98105, USA","{'location': {'lat': 47.6598062, 'lng': -122.3131848}, 'location_type': 'GEOMETRIC_CENTER', 'viewport': {'northeast': {'lat': 47.66115518029149, 'lng': -122.3118358197085}, 'southwest': {'lat': 47.6584572197085, 'lng': -122.3145337802915}}}"
2019-01-22,7:50 AM,7:21:30 AM,Hansee Hall,Shots Fired,Report was found to be unfounded.,"4294 Whitman Ct NE, Seattle, WA 98195, USA","{'location': {'lat': 47.6608333, 'lng': -122.306413}, 'location_type': 'ROOFTOP', 'viewport': {'northeast': {'lat': 47.6618653302915, 'lng': -122.3055020697085}, 'southwest': {'lat': 47.6591673697085, 'lng': -122.3082000302915}}}"
2019-01-12,09:07:25 AM,,Multiple,Electronic Access,Doors not unlocking,"University District, Seattle, WA, USA","{'bounds': {'northeast': {'lat': 47.6743199, 'lng': -122.2864358}, 'southwest': {'lat': 47.6474201, 'lng': -122.3222372}}, 'location': {'lat': 47.6627771, 'lng': -122.3138767}, 'location_type': 'APPROXIMATE', 'viewport': {'northeast': {'lat': 47.6743199, 'lng': -122.2864358}, 'southwest': {'lat': 47.6474201, 'lng': -122.3222372}}}"
2019-01-04,10:40 AM,10:23 AM,Fluke Hall (campus,Potential hazardous,Multiple Seattle Fire Department units have responded to a possible hazardous materials incident at Fluke Hall.,"4000 Mason Rd, Seattle, WA 98195, USA","{'location': {'lat': 47.6557556, 'lng': -122.3030667}, 'location_type': 'ROOFTOP', 'viewport': {'northeast': {'lat': 47.65723948029149, 'lng': -122.3015391697085}, 'southwest': {'lat': 47.65454151970849, 'lng': -122.3042371302915}}}"
2018-12-27,3:23 PM,9:34 AM,King County,911 Outage,The 911 system outage in the area has been resolved and agencies in King County are reporting they have been able to receive 911 calls normally for several hours.,"University District, Seattle, WA, USA","{'bounds': {'northeast': {'lat': 47.6743199, 'lng': -122.2864358}, 'southwest': {'lat': 47.6474201, 'lng': -122.3222372}}, 'location': {'lat': 47.6627771, 'lng': -122.3138767}, 'location_type': 'APPROXIMATE', 'viewport': {'northeast': {'lat': 47.6743199, 'lng': -122.2864358}, 'southwest': {'lat': 47.6474201, 'lng': -122.3222372}}}"
2018-12-28,4:47 PM,11:29 AM,UW Apartment Complexes,Power Outage,"Four UW apartment complexes are among some 1,000-plus customers affected by a Seattle City Light outage first reported at 7:32 a.m.","4504 16th Ave NE # A101, Seattle, WA 98105, USA","{'location': {'lat': 47.6617166, 'lng': -122.3105452}, 'location_type': 'ROOFTOP', 'viewport': {'northeast': {'lat': 47.66315498029149, 'lng': -122.3091827197085}, 'southwest': {'lat': 47.6604570197085, 'lng': -122.3118806802915}}}"
2018-12-13,11:15 AM,10:49 AM,,Email Threat,The University of Washington Police Department is aware of and investigating threatening emails sent to individuals on campus.,"University District, Seattle, WA, USA","{'bounds': {'northeast': {'lat': 47.6743199, 'lng': -122.2864358}, 'southwest': {'lat': 47.6474201, 'lng': -122.3222372}}, 'location': {'lat': 47.6627771, 'lng': -122.3138767}, 'location_type': 'APPROXIMATE', 'viewport': {'northeast': {'lat': 47.6743199, 'lng': -122.2864358}, 'southwest': {'lat': 47.6474201, 'lng': -122.3222372}}}"
2018-11-29,6:05 PM,2 PM,Denny Field area near Hutchinson Hall,Water main break,Water has been shut off to Hansee and Hutchinson Halls.,"Hutchinson Hall (Hut), 4276 E Stevens Way NE, Seattle, WA 98105, USA","{'bounds': {'northeast': {'lat': 47.6599743, 'lng': -122.3060663}, 'southwest': {'lat': 47.6592397, 'lng': -122.3071241}}, 'location': {'lat': 47.659607, 'lng': -122.3065584}, 'location_type': 'ROOFTOP', 'viewport': {'northeast': {'lat': 47.6609559802915, 'lng': -122.3052462197085}, 'southwest': {'lat': 47.65825801970851, 'lng': -122.3079441802915}}}"
2018-10-29,10:30 AM,,,,"The UW Crisis Communications Team will test the UW Alert notification system around 10:30 a.m. on Monday, Oct. 29 across all platforms, including SMS text, email, website banners, Facebook and Twitter.","University District, Seattle, WA, USA","{'bounds': {'northeast': {'lat': 47.6743199, 'lng': -122.2864358}, 'southwest': {'lat': 47.6474201, 'lng': -122.3222372}}, 'location': {'lat': 47.6627771, 'lng': -122.3138767}, 'location_type': 'APPROXIMATE', 'viewport': {'northeast': {'lat': 47.6743199, 'lng': -122.2864358}, 'southwest': {'lat': 47.6474201, 'lng': -122.3222372}}}"
2018-10-18,10:18 AM,10:18 AM,UW campuses,Earthquake drill,Great ShakeOut 2018 on Oct. 18,"Seattle, WA 98195, USA","{'location': {'lat': 47.65533509999999, 'lng': -122.3035199}, 'location_type': 'GEOMETRIC_CENTER', 'viewport': {'northeast': {'lat': 47.661241, 'lng': -122.2975526}, 'southwest': {'lat': 47.6476342, 'lng': -122.3172654}}}"
2018-09-21,9:25 PM,UNKNOWN,Physics/Astronomy Building,HazMat,Hydrogen spill in Room 009 has been contained,"Physics/Astronomy Building (PAB), 3910 15th Ave NE, Seattle, WA 98105, USA","{'bounds': {'northeast': {'lat': 47.6537194, 'lng': -122.3107382}, 'southwest': {'lat': 47.6532231, 'lng': -122.3119512}}, 'location': {'lat': 47.6536047, 'lng': -122.3112798}, 'location_type': 'ROOFTOP', 'viewport': {'northeast': {'lat': 47.65482023029151, 'lng': -122.3098408697085}, 'southwest': {'lat': 47.65212226970851, 'lng': -122.3125388302915}}}"
2018-09-04,10:03 AM,9:41 AM,4300 block of 15th Ave NE,Stabbing,A stabbing was reported Tuesday morning in the University District near NE 43rd Street and 15th Avenue NE. One woman has significant injuries.,"4300 15th Ave NE, Seattle, WA 98105, USA","{'bounds': {'northeast': {'lat': 47.66083750000001, 'lng': -122.3113338}, 'southwest': {'lat': 47.659989, 'lng': -122.3117666}}, 'location': {'lat': 47.6604329, 'lng': -122.3115365}, 'location_type': 'ROOFTOP', 'viewport': {'northeast': {'lat': 47.66168328029151, 'lng': -122.3103071197085}, 'southwest': {'lat': 47.65898531970851, 'lng': -122.3130050802915}}}"
2018-08-24,11:05 AM,10:08 AM,UW Campus phones,Network Outage,Sporadic network outages affecting UW Campus phones,"Seattle, WA 98195, USA","{'location': {'lat': 47.65533509999999, 'lng': -122.3035199}, 'location_type': 'GEOMETRIC_CENTER', 'viewport': {'northeast': {'lat': 47.661241, 'lng': -122.2975526}, 'southwest': {'lat': 47.6476342, 'lng': -122.3172654}}}"
2018-08-17,11:31 PM,10:00 PM,5200 block of 20th Ave NE,Drive-by shooting,At least one victim resulting from the shooting.,"5200 20th Ave NE, Seattle, WA 98105, USA","{'location': {'lat': 47.6664974, 'lng': -122.3062646}, 'location_type': 'ROOFTOP', 'viewport': {'northeast': {'lat': 47.6678471802915, 'lng': -122.3050332197085}, 'southwest': {'lat': 47.6651492197085, 'lng': -122.3077311802915}}}"
